Region,Sub_Region,Arrivals_2019_M,Arrivals_2023_M,Arrivals_2024_M,Receipts_2019_USD_B,Receipts_2023_USD_B,Receipts_2024_USD_B,Arrivals_Recovery_24_vs_19_pct,Arrivals_Growth_24_vs_23_pct,Receipts_Recovery_24_vs_19_pct,Receipts_Growth_24_vs_23_pct,Spend_Per_Arrival_2019_USD,Spend_Per_Arrival_2024_USD
World,Total,1466.0,1306.0,1465.0,1487.0,1536.0,1731.0,99.93178717598909,12.174578866768758,116.40887693342299,12.6953125,1014.324693042292,1181.5699658703072
Europe,Total,743.9,710.2,755.7,585.4,666.6,732.5,101.58623470896626,6.4066460152069835,125.12811752647764,9.885988598859882,786.9337276515661,969.2999867672356
Europe,Northern Europe,82.1,79.0,85.2,98.4,119.5,134.3,103.77588306942754,7.8481012658227876,136.4837398373984,12.384937238493734,1198.5383678440926,1576.2910798122068
Europe,Western Europe,202.1,200.3,211.0,182.0,190.3,203.4,104.40376051459674,5.341987019470787,111.75824175824177,6.883867577509192,900.5442850074221,963.9810426540284
Europe,Central/Eastern Europe,152.8,118.4,134.8,58.2,78.4,86.0,88.21989528795811,13.851351351351354,147.76632302405497,9.693877551020401,380.89005235602093,637.9821958456973
Europe,Southern/Medit. Europe,306.9,312.5,324.7,246.9,278.3,308.8,105.7999348321929,3.9039999999999964,125.07087889833942,10.959396334890407,804.4965786901271,951.0317215891592
Asia and the Pacific,Total,362.1,237.4,317.5,447.1,342.5,415.9,87.6829605081469,33.740522325189545,93.02169537016326,21.430656934306562,1234.7417840375588,1309.9212598425197
Asia and the Pacific,North-East Asia,146.0,87.9,122.0,153.5,87.9,124.5,83.56164383561644,38.794084186575645,81.10749185667753,41.638225255972685,1051.3698630136987,1020.4918032786885
Asia and the Pacific,South-East Asia,139.4,90.6,118.4,146.1,107.7,131.1,84.93543758967002,30.68432671081679,89.73305954825463,21.727019498607234,1048.0631276901004,1107.2635135135135
Asia and the Pacific,Oceania,17.5,13.9,17.5,62.5,41.6,49.6,100.0,25.899280575539564,79.36,19.23076923076923,3571.4285714285716,2834.285714285714
Asia and the Pacific,South Asia,59.2,45.0,59.6,84.9,105.2,110.7,100.67567567567568,32.44444444444445,130.3886925795053,5.228136882129277,1434.1216216216217,1857.3825503355704
Americas,Total,219.3,200.2,216.6,331.0,353.5,392.3,98.7688098495212,8.191808191808194,118.51963746223566,10.975954738330978,1509.3479252165982,1811.1726685133888
Americas,North America,151.3,134.3,144.6,256.3,257.7,285.4,95.57171183079973,7.669396872673106,111.35388216933279,10.748932867675588,1693.9854593522803,1973.7206085753803
Americas,Caribbean,26.1,24.6,27.3,35.5,47.6,52.0,104.59770114942528,10.975609756097557,146.47887323943664,9.243697478991592,1360.1532567049808,1904.7619047619048
Americas,Central America,12.9,13.0,14.2,10.8,11.4,13.3,110.07751937984496,9.230769230769226,123.14814814814814,16.666666666666668,837.2093023255813,936.6197183098592
Americas,South America,29.0,28.2,30.4,28.4,36.8,41.6,104.82758620689654,7.8014184397163095,146.47887323943664,13.043478260869579,979.3103448275862,1368.421052631579
Africa,Total,68.8,65.1,73.9,48.5,45.5,50.2,107.41279069767442,13.517665130568373,103.50515463917527,10.329670329670336,704.9418604651163,679.2963464140731
Africa,North Africa,26.8,25.2,28.1,26.2,24.9,28.1,104.8507462686567,11.507936507936517,107.25190839694659,12.851405622489972,977.6119402985074,1000.0
Africa,Sub-Saharan Africa,42.0,39.9,45.8,22.3,20.6,22.1,109.04761904761904,14.786967418546363,99.10313901345292,7.281553398058252,530.952380952381,482.53275109170306
Middle East,Total,71.6,93.4,101.2,90.3,136.8,147.6,141.34078212290504,8.351177730192717,163.45514950166114,7.89473684210525,1261.173184357542,1458.498023715415
India (ITA Ref),National,17.91,18.89,20.57,30.72,32.19,35.02,114.85203796761584,8.893594494441501,113.99739583333334,8.791550170860534,1715.2428810720269,1702.4793388429753
