Year,FTAs_Million,FTAs_Exact,NRIs_Million,NRIs_Exact,ITAs_Million,ITAs_Exact,FEE_INR_Crore,FEE_USD_Million,India_Share_World_Arrivals_pct,India_World_Rank,NRI_Share_of_ITAs_pct,FEE_per_FTA_USD,FEE_per_ITA_USD
2001,2.54,2537282,,,2.54,2537282,15083,3198,0.37,51,,1260.4038494735705,1260.4038494735705
2011,6.31,6309222,,,6.31,6309222,83037,17707,0.63,38,,2806.5267001224556,2806.5267001224556
2012,6.58,6577745,,,6.58,6577745,95060,17972,0.64,41,,2732.2433447936946,2732.2433447936946
2013,6.97,6967601,,,6.97,6967601,107563,18396,0.64,41,,2640.220070006879,2640.220070006879
2014,7.68,7679099,5.43,5431187.0,13.11,13110286,120366,19699,1.15,24,41.42691471414125,2565.274910507079,1502.5606611480482
2015,8.03,8027133,5.74,5737678.0,13.76,13764811,134843,21012,1.15,24,41.68366714225135,2617.622007757938,1526.5011630018023
2016,8.8,8804411,6.22,6223522.0,15.03,15027933,150750,22428,1.21,26,41.413027327178,2547.3594996871457,1492.4208139602433
2017,10.04,10035803,6.77,6771146.0,16.81,16806949,178189,27365,1.26,26,40.28777620494951,2726.737461865284,1628.1955755324777
2018,10.56,10557976,6.87,6867375.0,17.42,17425351,195312,28568,1.23,23,39.410253486429056,2705.821646118536,1639.450476492554
2019,10.93,10930355,6.98,6983159.0,17.91,17913514,216467,30721,1.22,24,38.98263065526953,2810.6131960032403,1714.9622346570304
2020,2.74,2744766,3.59,3591436.0,6.33,6336202,95738,13036,1.55,19,56.6812106053437,4749.40304565125,2057.383902849057
2021,1.52,1527114,5.48,5478440.0,7.0,7005554,63978,8651,1.52,18,78.20138136113147,5664.933986591702,1234.8773558807768
2022,6.44,6437467,7.89,7891398.0,14.33,14328865,169917,21360,1.47,17,55.073433939115205,3318.0752615896904,1490.6972743479682
2023,9.51,9520928,9.38,9378282.0,18.89,18899210,266045,32189,1.45,20,49.62261385528814,3380.867915396482,1703.1928847819565
2024,9.95,9951722,10.62,10616900.0,20.57,20568622,293033,35016,1.4,20,51.616972687815455,3518.5870344850873,1702.398925897904
