Country,Rank_2024,Rank_2019,FTAs_2019,FTAs_2023,FTAs_2024,Share_2019_pct,Share_2023_pct,Share_2024_pct,Growth_24_vs_23_pct,Recovery_24_vs_19_pct
United States,1,2,1512032,1691498,1804586,13.833329292598457,17.7661043125208,18.133404450003727,6.685671517199547,119.34840003386171
Bangladesh,2,1,2577727,2119826,1750165,23.58319560526625,22.26490947100955,17.586554367173843,-17.438270876949336,67.89566932417591
United Kingdom,3,3,1000292,920591,1022587,9.151505143245577,9.669130992273022,10.27547795245888,11.079404426069775,102.2288491760406
Australia,4,4,367241,456167,518205,3.359826830876033,4.791203126417929,5.2071892683497385,13.599843916811169,141.10761053368225
Canada,5,5,351859,385938,476273,3.2190994711516687,4.053575449788087,4.785835054475999,23.406609351761166,135.35905007403534
Malaysia,6,7,334579,262458,307526,3.0610076250954337,2.756643049921184,3.0901787650418693,17.171509346257306,91.91431620035925
Sri Lanka,7,8,330861,280327,281827,3.0269922614590286,2.9443243347707284,2.8319420498281604,0.535089377762399,85.17987916375759
Germany,8,9,264973,223575,256348,2.424193907700162,2.3482479859106173,2.575916007300043,14.658615677065862,96.74495137240397
France,9,11,247238,188981,206855,2.2619393423177927,1.9849010516621908,2.0785849926274067,9.458093670792302,83.66634578826879
Singapore,10,13,190089,183772,205383,1.7390926461217409,1.9301899982858812,2.063793582658358,11.759680473630368,108.045704906649
Nepal,11,15,164040,195445,202501,1.5007746774921766,2.0527935932295676,2.034833770477109,3.6102228248356316,123.44611070470617
Japan,12,12,238903,150521,194875,2.1856838135632373,1.580948831878573,1.9582038163847422,29.466984673234965,81.57076302934664
Russian Federation,13,10,251319,164125,160188,2.299275732581421,1.7238340632341722,1.6096510734524136,-2.3987814166031987,63.73891349241403
Italy,14,16,128572,116031,142239,1.176283844394807,1.2186942281256616,1.4292903278447688,22.58706724926959,110.62984164514825
Thailand,15,14,169956,116060,140489,1.554899177565596,1.2189988202830648,1.4117054314821094,21.04859555402378,82.66198310150862
China,30,6,339442,30585,38960,3.1054984032998014,0.3212396942819019,0.39149003559383994,27.382703939839793,11.47766039559041
