Month_No,Month,Quarter,FTAs_2019,FTAs_2023,FTAs_2024,NRIs_2019,NRIs_2023,NRIs_2024,ITAs_2019,ITAs_2023,ITAs_2024,FTA_Share_2019_pct,FTA_Share_2023_pct,FTA_Share_2024_pct,FTA_Growth_24_vs_23_pct,FTA_Recovery_24_vs_19_pct,FTA_Seasonality_Index_2024,NRI_Seasonality_Index_2024,ITA_Seasonality_Index_2024
1,January,Q1,1111040,891084,981609,440907,706928,790718,1551947,1598012,1772327,10.164720176060156,9.359213723704244,9.863710019230842,10.15897491145616,88.3504644297235,118.36452023077011,89.3727547589221,103.39984856545081
2,February,Q1,1090516,893352,1032301,402203,598739,704683,1492719,1492091,1736984,9.976949513533642,9.383034931048737,10.373089200039953,15.553667535305232,94.66170143308305,124.47707040047943,79.64844728687281,101.33789225160538
3,March,Q1,978236,824549,893021,484602,681104,818820,1462838,1505653,1711841,8.949718467515465,8.660384786020858,8.97353241981639,8.304175979838675,91.2889118781153,107.68238903779668,92.54904915747535,99.87101712501693
4,April,Q2,774651,625772,672684,507704,759736,864188,1282355,1385508,1536872,7.087153161997025,6.572594604223454,6.759473385611053,7.496660125413089,86.83704016389316,81.11368062733264,97.67687366368715,89.66309945313789
5,May,Q2,615136,618086,622189,618600,763870,854480,1233736,1381956,1476669,5.627776956924089,6.49186717933378,6.252073761706768,0.6638234808748298,101.1465757165895,75.02488514048122,96.5796042159199,86.15077859858576
6,June,Q2,726446,667720,722615,668724,1014676,1066778,1395170,1682396,1789393,6.646133634268969,7.013181908318181,7.261205648630459,8.221260408554484,99.47263802127068,87.13446778356551,120.57508312219198,104.39550106954177
7,July,Q3,818125,786486,799842,775580,920054,1091616,1593705,1706540,1891458,7.484889557566977,8.26060232784031,8.037222100858525,1.6981866174350209,97.76525592055005,96.44666521030231,123.3824562725466,110.35010512614798
8,August,Q3,800837,664155,661322,673569,708022,804090,1474406,1372177,1465412,7.326724520841271,6.9757380793132775,6.645302189912459,-0.426557053699814,82.5788518762245,79.74362627894952,90.88415639216721,85.49403066476695
9,September,Q3,751513,666946,691247,489514,588741,697347,1241027,1255687,1388594,6.875467448221031,7.005052448668869,6.946003917713939,3.6436233218281537,91.98071091251914,83.35204701256728,78.81927869717148,81.01236922920748
10,October,Q4,945017,832233,840330,624463,714295,920326,1569480,1546528,1760656,8.645803361372984,8.74109120455485,8.444066263105018,0.9729246497074737,88.92220986500772,101.32879515726023,104.02200265614256,102.71894733638452
11,November,Q4,1092440,948631,973941,606876,893825,900256,1699316,1842456,1874197,9.994551869541292,9.96364009894834,9.786658027625773,2.6680553344767355,89.1528138845154,117.43989633150926,101.75354387815653,109.34307606994771
12,December,Q4,1226398,1101914,1060621,690417,1028292,1103598,1916815,2130206,2164219,11.220111332157098,11.5735987080251,10.657663065748823,-3.7473886346847394,86.48261004991853,127.89195678898587,124.73674989874635,126.26333451020686
