Year,Air_pct,Land_pct,Water_pct,Delhi_pct,Mumbai_pct,Chennai_pct,Haridaspur_pct,Bengaluru_pct,Kolkata_pct,Others_pct
2001,87.1,12.0,0.9,33.7,26.7,12.0,0.0,0.0,4.4,23.2
2011,92.0,7.2,0.8,35.8,19.7,10.8,0.0,6.3,3.7,23.7
2014,86.1,13.5,0.4,30.2,19.0,8.8,0.0,6.3,3.0,29.6
2016,84.1,15.0,0.9,29.7,17.2,8.1,8.6,6.2,4.0,19.2
2017,79.6,19.7,0.7,28.4,15.7,7.2,11.7,5.7,4.6,20.2
2018,79.6,19.6,0.8,28.8,15.7,7.5,9.8,5.8,5.1,21.0
2019,77.4,21.7,0.9,28.1,13.6,7.3,10.1,6.0,5.0,23.5
2020,79.2,19.3,1.5,29.6,14.6,6.6,8.7,5.6,4.5,24.5
2021,87.49,11.8,0.7,39.7,13.9,7.9,8.73,6.7,2.8,10.6
2022,83.5,16.2,0.3,31.4,15.0,9.2,9.3,6.4,3.8,15.9
2023,79.4,20.1,0.5,30.3,15.1,8.3,10.1,6.0,3.3,19.5
2024,83.41,16.05,0.54,32.4,15.65,8.19,7.92,7.0,2.78,18.36
